chromosome	base_position	reference_allele	effect_allele	pvalue	OR	maf	info	rs_id
20	4633115	A	T	2.28174e-05	0.861682	0.491396	0.989436	rs6107507
20	4636274	T	C	3.11205e-05	0.863783	0.48725	0.997505	rs12624635
20	4636693	G	A	3.33719e-05	0.864376	0.486738	0.998045	rs11087649
20	4637168	C	T	3.69842e-05	0.864739	0.486552	0.999537	rs6116466
20	4640409	C	G	3.92522e-05	0.861613	0.444703	0.989734	rs6052743
20	4630299	C	T	0.000297171	0.881241	0.404951	0.995919	rs2326509
20	4629586	A	G	0.000323703	0.881474	0.405331	0.99535	rs6052729
20	4633090	A	C	0.00033567	0.88547	0.304269	0.987402	rs6116461
20	4633087	C	T	0.000341876	0.885552	0.304287	0.987679	rs6116460
20	4633122	A	G	0.000374052	0.885746	0.304766	0.989136	rs6107508
20	4638748	G	T	0.000432	0.884181	0.404066	0.99182	rs6052739
20	4625438	G	A	0.000459426	0.886883	0.306268	0.99809	rs2326507
20	4625741	G	A	0.000477314	0.887142	0.306284	0.998011	rs34234378
20	4626207	G	A	0.000478505	0.887187	0.306324	0.997954	rs6107505
20	4633747	C	T	0.000610661	0.890393	0.301848	0.994107	rs12479747
20	4643451	G	T	0.000699694	1.12727	0.401642	0.991447	rs6084823
20	4644498	C	T	0.000725692	0.884672	0.404815	0.992512	rs6037924
20	4580715	C	T	0.000859677	0.935376	0.305002	0.975208	rs36108697
20	4579798	A	G	0.000926465	0.936937	0.304172	0.969207	rs2180695
20	4582716	A	G	0.000942732	0.936509	0.299873	0.998925	rs6052674
20	4583513	G	A	0.00152242	0.940819	0.299525	0.990917	rs6037892
20	4642218	G	C	0.0019164	1.11126	0.378393	0.990154	rs6052746
20	4641279	C	G	0.00398436	1.10454	0.356881	0.989767	rs6052745
20	4626382	C	A	0.00652031	0.921472	0.345693	0.998036	rs927361
20	4626261	A	G	0.00653849	0.921591	0.345715	0.998155	rs6107506
20	4624725	T	C	0.00718619	0.90939	0.453571	0.999349	rs6052715
20	4624176	T	C	0.00737587	0.909817	0.453683	0.999811	rs6037913
20	4622649	A	G	0.0074661	0.910259	0.453421	0.993614	rs1931970
20	4625108	A	G	0.00748847	0.909831	0.453663	0.998787	rs2326504
20	4625139	A	G	0.00758482	0.909937	0.453648	0.998832	rs2326505
20	4625001	G	A	0.00759614	0.909919	0.453658	0.998944	rs6052717
20	4625296	T	A	0.00762982	0.909987	0.453781	0.998512	rs2326506
20	4634737	A	T	0.00804257	0.814826	0.0472188	0.988509	rs113394511
20	4634612	T	C	0.00813911	0.815172	0.0472366	0.988195	rs6037920
20	4632985	C	G	0.00838507	0.816843	0.0469124	0.986923	rs74416880
20	4625537	G	A	0.00869334	0.910933	0.453959	0.998399	rs4607002
20	4625558	A	G	0.00874632	0.910974	0.453952	0.998424	rs6084817
20	4626537	A	G	0.00898944	0.911041	0.4541	0.998167	rs927359
20	4626518	G	A	0.00905267	0.911092	0.454092	0.998139	rs2009160
20	4626704	A	G	0.0090921	0.911539	0.453655	0.997726	rs927358
20	4621306	C	T	0.00933484	0.91526	0.486455	0.987264	rs4815724
20	4637751	G	A	0.0103551	0.916227	0.455578	0.987008	rs6037921
20	4624373	T	C	0.0104348	0.915335	0.48569	0.999319	rs6116457
20	4623242	A	G	0.0112063	0.916271	0.485366	0.996271	rs6037912
20	4622540	T	C	0.0116497	0.916628	0.484579	0.993564	rs6107501
20	4623686	T	C	0.0126473	0.917123	0.484986	0.997953	rs6052710
20	4623563	T	C	0.0131566	0.917517	0.484984	0.997113	rs6052709
20	4643293	T	A	0.0143584	1.07575	0.412956	0.990893	rs6052748
20	4622756	G	T	0.0147607	0.918396	0.483866	0.995625	rs6107504
20	4622544	C	T	0.0147969	0.918592	0.483522	0.993507	rs6107502
20	4622734	G	A	0.0156019	0.918746	0.483563	0.995252	rs6107503
20	4644368	A	G	0.0162343	1.07773	0.410081	0.992085	rs6052749
20	4642411	G	C	0.0173492	1.07353	0.415599	0.988948	rs6052747
20	4642589	G	A	0.0177658	1.07291	0.415144	0.989563	rs56387665
20	4642536	G	C	0.0181199	1.07269	0.41512	0.989291	rs34112651
20	4641163	G	C	0.0183746	1.27113	0.0336308	0.971993	rs11698114
20	4637712	A	G	0.0219937	1.26798	0.0333923	0.974935	rs77945340
20	4640900	A	G	0.0241685	0.832285	0.0453482	0.993657	rs7348332
20	4591980	G	C	0.0250841	0.975038	0.425469	0.941687	rs2057288
20	4639673	A	G	0.029706	1.24981	0.0382238	0.986597	rs79611261
20	4579758	G	A	0.0319985	1.08743	0.199583	0.982178	rs6133147
20	4625760	C	A	0.0332603	0.840418	0.0442728	0.964156	rs75964904
20	4590095	A	G	0.0336318	0.979002	0.415935	0.956991	rs6037895
20	4596392	T	G	0.0359303	0.93609	0.430869	0.918166	rs6107497
20	4639156	T	C	0.0535028	1.23408	0.0365998	0.989513	rs59606031
20	4638552	A	G	0.0579938	1.17572	0.0438174	0.928642	rs62200414
20	4635366	G	T	0.0612106	1.21002	0.039343	0.990339	rs6139510
20	4635221	C	T	0.0616189	1.20975	0.0393463	0.990488	rs11697826
20	4641650	G	T	0.0623632	1.22826	0.0368067	0.984597	rs11698202
20	4547571	A	G	0.0706736	1.04014	0.244124	0.999831	rs6076693
20	4582025	T	C	0.0719872	1.07335	0.211869	0.991406	rs6139489
20	4583833	G	A	0.0721947	1.01096	0.418617	0.977632	rs6084806
20	4580703	A	G	0.0745474	1.07326	0.211882	0.994012	rs1884918
20	4546419	A	G	0.074837	1.03877	0.244719	0.999683	rs6084792
20	4548415	G	C	0.076382	1.03933	0.244428	0.997803	rs6076696
20	4551867	A	G	0.0778049	1.03885	0.243283	0.996245	rs2224365
20	4631476	G	A	0.0780331	1.19934	0.039044	0.992439	rs11699537
20	4552412	A	C	0.0780595	1.03879	0.243278	0.996413	rs4815714
20	4582997	G	A	0.0782835	1.07191	0.211526	0.989357	rs2145287
20	4642180	A	G	0.0796411	1.22066	0.036997	0.981428	rs11696732
20	4578484	A	G	0.079884	0.988284	0.446511	0.978963	rs6116441
20	4546667	A	G	0.0812861	1.03835	0.244263	0.999876	rs2326499
20	4546579	C	T	0.0814233	1.03832	0.244266	0.999864	rs2208303
20	4577574	G	A	0.08673	0.989995	0.447936	0.975073	rs6116440
20	4576744	T	A	0.0873321	0.990338	0.447772	0.972436	rs6052673
20	4583223	A	G	0.0887473	0.989463	0.447062	0.987155	rs1555371
20	4628458	C	T	0.0924416	1.19162	0.0393474	0.993591	rs57172108
20	4578080	G	A	0.0937942	1.07044	0.212508	0.999819	rs6139486
20	4545245	C	G	0.0950327	0.967452	0.101821	0.996054	rs62199455
20	4619919	C	T	0.0966193	1.20368	0.0386266	0.975219	rs117881101
20	4627047	C	T	0.0968746	1.18839	0.0395811	0.990592	rs11700363
20	4554250	A	G	0.0975674	0.967518	0.102264	0.989122	rs8115558
20	4626630	A	G	0.0994461	1.18905	0.039311	0.992168	rs1966244
20	4547424	C	T	0.100625	0.968646	0.101841	0.995892	rs34546400
20	4577775	G	A	0.10392	1.06907	0.214818	0.99543	rs6139485
20	4619461	A	G	0.112763	1.19816	0.0387496	0.974558	rs4813710
20	4576069	C	G	0.11287	0.936377	0.242059	0.981372	rs1884917
20	4548438	G	A	0.115428	0.970936	0.102122	0.993584	rs8120127
20	4573524	G	C	0.117502	0.942728	0.243279	0.958809	rs4350821
20	4548236	A	C	0.12082	1.0274	0.251038	0.998145	rs6084796
20	4548315	T	C	0.121368	1.02727	0.251021	0.998039	rs6076695
20	4548118	C	T	0.121604	1.02713	0.250956	0.998387	rs6084795
20	4595503	G	A	0.123507	0.963704	0.163412	0.987726	rs961197
20	4580958	C	G	0.125521	0.994576	0.488394	0.985949	rs1884919
20	4639380	G	A	0.132484	0.917125	0.198486	0.993576	rs79004324
20	4640161	T	A	0.136217	0.9181	0.198931	0.994601	rs6052742
20	4619028	T	C	0.140654	1.04761	0.280374	0.999412	rs4813708
20	4544779	G	A	0.146229	1.02324	0.251975	0.999931	rs911165
20	4550925	C	T	0.147477	1.02447	0.249638	0.995338	rs6084797
20	4573513	A	G	0.148746	1.05595	0.26316	0.966383	rs1884915
20	4606374	C	T	0.152026	1.0727	0.264337	0.932817	rs11698480
20	4587766	C	T	0.159291	0.826752	0.00639465	0.922924	rs78414768
20	4587153	T	C	0.159572	0.99723	0.495541	0.982828	rs6037894
20	4587164	A	C	0.161265	0.829438	0.0064007	0.933169	rs77823111
20	4609501	A	C	0.164424	0.951514	0.256528	0.954159	rs4572663
20	4585239	A	G	0.178868	0.998384	0.496275	0.987912	rs6107491
20	4552760	A	C	0.179155	0.981806	0.142642	0.996058	rs6052653
20	4552239	T	C	0.180398	0.981664	0.142539	0.996699	rs6052651
20	4587473	C	A	0.187529	1.00023	0.497154	0.974483	rs6052677
20	4609713	G	T	0.191469	0.941898	0.210211	0.985537	rs2875961
20	4620804	G	A	0.191674	1.14085	0.0506884	0.958016	rs6139502
20	4586044	A	C	0.19437	0.844258	0.00654916	0.931635	rs74803903
20	4547605	G	A	0.194458	1.02209	0.18394	0.999489	rs6076694
20	4576230	C	A	0.194745	1.05603	0.254519	0.999422	rs6133145
20	4609483	T	A	0.198481	0.943285	0.210998	0.98295	rs2326542
20	4550090	C	T	0.221227	0.917107	0.0585539	0.991183	rs73064395
20	4549843	T	C	0.224637	0.92062	0.0591315	0.995549	rs73064390
20	4611675	G	T	0.227768	1.01437	0.0927278	0.927936	rs77004408
20	4643708	T	A	0.234613	0.877251	0.0155565	0.981366	rs6133154
20	4614486	G	A	0.249052	0.948429	0.213924	0.986749	rs1981105
20	4621523	G	A	0.250058	1.02904	0.17889	0.991373	rs73896107
20	4562694	C	T	0.251268	0.919813	0.0585187	0.997493	rs73066329
20	4644408	T	C	0.255439	0.926902	0.185086	0.991826	rs74799977
20	4607988	C	T	0.256757	1.04699	0.073429	0.917601	rs138690000
20	4555282	A	G	0.258717	0.998894	0.145367	0.972028	rs35505215
20	4611729	C	T	0.260891	1.01126	0.0927506	0.928363	rs76451797
20	4611757	G	A	0.263855	1.01097	0.0927428	0.928968	rs79499172
20	4616997	G	A	0.264426	0.863588	0.00998179	0.927926	rs138258841
20	4568457	C	T	0.267404	1.03587	0.250543	0.986532	rs6139482
20	4630365	C	T	0.279611	1.0272	0.179015	0.997581	rs56988462
20	4566415	G	A	0.290452	1.03349	0.250594	0.983364	rs6139479
20	4545501	C	T	0.294674	0.936279	0.0603293	0.999325	rs56217150
20	4632579	T	C	0.296901	1.02641	0.179167	0.99756	rs11698728
20	4574178	C	T	0.297234	0.956614	0.284365	0.970447	rs2875958
20	4567371	T	C	0.298129	0.925665	0.05865	0.991802	rs73068212
20	4549029	T	C	0.303171	0.93861	0.0604881	0.997789	rs73064377
20	4549047	C	A	0.303297	0.938623	0.0604879	0.997729	rs73064381
20	4573880	C	T	0.303397	1.04675	0.0802564	0.939493	rs2326540
20	4566316	G	A	0.305373	0.926343	0.0585958	0.992663	rs7272992
20	4613146	C	T	0.306063	1.00881	0.0928947	0.93115	rs117759514
20	4572450	C	G	0.310595	1.03241	0.25101	0.986075	rs6133144
20	4609471	C	T	0.312703	1.06273	0.0622819	0.963804	rs55752924
20	4614632	T	C	0.313146	1.06346	0.0628101	0.989689	rs2009154
20	4570173	G	A	0.313606	0.930122	0.05938	0.986057	rs6037883
20	4637335	C	T	0.314439	1.07363	0.00561341	0.922887	rs113499650
20	4570563	C	T	0.318436	1.03196	0.251253	0.990013	rs6139483
20	4639966	A	C	0.323188	0.895641	0.0156716	0.979159	rs6139512
20	4571361	G	T	0.328761	1.0313	0.251165	0.991879	rs6139484
20	4564715	C	T	0.334179	1.01314	0.194947	0.920598	rs6139478
20	4559991	C	T	0.340292	0.93182	0.0587836	0.998479	rs6116433
20	4565411	C	T	0.340864	1.01282	0.196735	0.921664	rs13045461
20	4608365	C	T	0.341727	1.05949	0.0620247	0.957407	rs55904366
20	4563406	C	T	0.34576	0.931799	0.0589905	0.995576	rs6052660
20	4565965	T	C	0.345845	0.93756	0.0601707	0.989412	rs6116434
20	4619992	T	C	0.346253	1.02301	0.191437	0.983255	rs2224526
20	4586346	C	T	0.346318	0.906848	0.00674198	0.920312	rs74744703
20	4568757	G	T	0.348462	0.938724	0.0604766	0.986514	rs6052662
20	4564646	A	C	0.350337	0.937172	0.0596058	0.991981	rs113750840
20	4555399	C	T	0.351861	1.06129	0.0980778	0.989625	rs6107483
20	4549782	C	G	0.353345	0.943619	0.0607732	0.995827	rs58597230
20	4638611	C	G	0.353873	0.901156	0.0156692	0.974319	rs6133153
20	4566688	G	A	0.35425	1.09537	0.0215415	0.967394	rs6076699
20	4549734	T	C	0.355118	0.943706	0.0607785	0.996592	rs6116428
20	4615185	T	G	0.35609	1.05952	0.0627879	0.985276	rs78460778
20	4547163	G	T	0.356515	0.943522	0.0606609	0.999725	rs6107482
20	4572896	C	A	0.356995	0.939687	0.0608003	0.972439	rs6037885
20	4549864	G	A	0.358062	0.944055	0.0607491	0.995516	rs58981976
20	4571262	A	C	0.358529	0.940958	0.060662	0.984085	rs6052665
20	4549125	C	T	0.359013	0.943752	0.0606581	0.997728	rs6052645
20	4549084	G	A	0.359244	0.943765	0.0606577	0.997846	rs6037877
20	4620810	G	A	0.361512	0.975841	0.487462	0.952604	rs4815722
20	4550459	G	A	0.366125	0.944603	0.0607196	0.994629	rs60740987
20	4615818	T	A	0.369939	1.007	0.169075	0.966315	rs6139501
20	4573181	C	G	0.370353	0.964023	0.286919	0.949428	rs6084801
20	4588742	G	A	0.3882	0.950956	0.0460915	0.944478	rs6052679
20	4557592	T	C	0.390907	1.06214	0.0970383	0.990653	rs6076697
20	4588262	G	T	0.403041	1.01347	0.488622	0.935112	rs13044135
20	4572694	G	C	0.413902	0.946909	0.0609789	0.974331	rs73068235
20	4624247	C	T	0.417537	0.959437	0.0122776	0.92912	rs6052712
20	4570362	T	C	0.42541	0.975767	0.27233	0.992355	rs2180694
20	4570778	C	T	0.427023	0.975902	0.272449	0.992855	rs4815718
20	4569768	A	G	0.429101	0.975896	0.27226	0.99185	rs2326539
20	4617004	A	G	0.433177	1.05326	0.0634484	0.973371	rs6052704
20	4560660	A	G	0.441596	1.05082	0.0986959	0.991839	rs2038461
20	4571193	A	T	0.4416	0.976577	0.272343	0.994186	rs6052664
20	4570999	G	A	0.443616	0.976764	0.272364	0.993506	rs4815719
20	4567620	G	A	0.45179	0.97702	0.272538	0.988321	rs6116436
20	4559705	A	T	0.455544	1.04917	0.098876	0.990842	rs2208304
20	4566643	A	G	0.456478	0.978062	0.272172	0.986846	rs6076698
20	4626101	C	G	0.459071	1.01102	0.239673	0.997941	rs11908125
20	4611746	G	A	0.461583	1.07842	0.063884	0.966203	rs11698242
20	4565963	T	G	0.463851	0.978397	0.272002	0.984792	rs4815716
20	4625828	A	G	0.466071	1.01067	0.239708	0.99785	rs6139505
20	4565772	A	G	0.466267	0.978521	0.271994	0.984438	rs4813703
20	4560807	C	T	0.466487	1.049	0.0987567	0.991463	rs2038462
20	4625580	A	G	0.468174	1.0106	0.23978	0.997938	rs6084818
20	4565198	T	C	0.469881	0.97875	0.271935	0.983376	rs2180692
20	4567291	A	G	0.469899	0.978385	0.272235	0.988771	rs6116435
20	4569648	A	G	0.473149	0.97829	0.2719	0.991687	rs2326538
20	4569414	G	C	0.477213	0.978512	0.271919	0.9912	rs4815717
20	4545867	T	C	0.477289	1.07092	0.0467773	0.987697	rs111866607
20	4546241	T	A	0.482598	1.07098	0.0469007	0.988052	rs78869379
20	4624558	A	G	0.490127	1.00968	0.240144	0.998915	rs6052713
20	4625277	T	A	0.490997	1.00963	0.240004	0.998153	rs4815725
20	4614279	A	G	0.498716	1.04031	0.0774814	0.962899	rs78596694
20	4624932	T	C	0.499635	1.0092	0.240188	0.998698	rs6052716
20	4624648	T	C	0.502971	1.00895	0.240114	0.998845	rs6052714
20	4587263	T	C	0.504354	0.952603	0.041038	0.954573	rs58572946
20	4577358	T	G	0.506979	0.95315	0.0416381	0.989849	rs76383603
20	4621532	T	C	0.512571	0.958085	0.0106626	0.938317	rs6139503
20	4549541	C	T	0.514105	1.06725	0.0468016	0.983776	rs76859464
20	4582209	C	G	0.520343	0.953842	0.0415433	0.974048	rs79228321
20	4608341	C	T	0.52078	0.963638	0.259444	0.98	rs6076707
20	4586382	T	G	0.522955	0.954236	0.0410682	0.957849	rs78812537
20	4626845	G	A	0.526669	0.964019	0.0107988	0.948643	rs6133151
20	4580062	A	G	0.535193	0.954835	0.0413902	0.982106	rs113426393
20	4591565	T	G	0.535517	0.950794	0.0425216	0.921989	rs78188004
20	4640974	A	G	0.53573	0.967806	0.236707	0.999372	rs6037922
20	4640874	A	G	0.540638	0.967949	0.236668	0.99934	rs7348315
20	4614670	G	T	0.543964	0.976799	0.485906	0.972869	rs2009153
20	4611983	A	T	0.561691	0.977131	0.486502	0.980319	rs6052700
20	4585392	G	C	0.575405	0.958816	0.0410408	0.962226	rs79982189
20	4636334	A	C	0.57772	0.959812	0.0634426	0.97966	rs6139511
20	4615596	A	G	0.59626	1.03406	0.0774578	0.957401	rs79143991
20	4584069	A	C	0.604199	0.961055	0.0410772	0.966469	rs78982723
20	4583775	G	A	0.608755	0.960416	0.040917	0.967631	rs76189904
20	4563415	A	G	0.620087	0.99921	0.223599	0.924818	rs6037882
20	4614201	T	C	0.632292	1.05424	0.0832224	0.925574	rs73601218
20	4638088	A	G	0.640395	0.970502	0.237097	0.991014	rs6052737
20	4613134	G	C	0.6453	0.980574	0.489355	0.973419	rs6037904
20	4631846	C	G	0.651111	0.963677	0.0604288	0.987854	rs6076711
20	4613113	A	G	0.653989	0.980791	0.489426	0.973959	rs6037903
20	4572678	T	A	0.661781	0.989546	0.339004	0.979778	rs13040487
20	4557877	T	C	0.663388	1.02125	0.237548	0.957895	rs6133142
20	4623598	A	G	0.696806	0.967947	0.0613786	0.997254	rs6076710
20	4573853	A	G	0.704501	0.971213	0.0422376	0.975044	rs75028122
20	4568483	G	A	0.74965	0.992798	0.333004	0.99246	rs6084800
20	4547839	G	A	0.749775	1.02811	0.0400761	0.985276	rs112713056
20	4553644	T	C	0.757287	1.04192	0.0395631	0.986076	rs6084798
20	4570274	T	C	0.757514	0.993106	0.332916	0.995207	rs2145284
20	4627881	G	A	0.761266	0.972195	0.0604009	0.99591	rs6037918
20	4570342	C	T	0.770113	0.993499	0.333044	0.99557	rs2180693
20	4623738	G	C	0.776561	0.975662	0.139195	0.996341	rs57850566
20	4552538	T	G	0.784178	1.03934	0.0396469	0.988066	rs4813701
20	4571695	G	A	0.787935	0.994123	0.333012	0.997476	rs3761232
20	4571240	C	T	0.787988	0.994212	0.333056	0.997876	rs6076702
20	4571004	C	T	0.78905	0.994295	0.333042	0.997226	rs4813704
20	4628930	T	C	0.7892	0.976027	0.139136	0.996284	rs74808172
20	4571478	C	A	0.790375	0.994362	0.332908	0.999094	rs6076703
20	4625900	C	T	0.792243	0.974882	0.0604924	0.997551	rs6037915
20	4575350	A	G	0.793759	1.01156	0.0289488	0.908019	rs6037887
20	4626022	C	T	0.804582	0.975648	0.0605155	0.998027	rs7348130
20	4630743	C	T	0.805367	0.975515	0.139878	0.997734	rs79802883
20	4614769	G	T	0.810713	0.950556	0.0263078	0.921721	rs76464875
20	4625447	G	A	0.813217	0.975526	0.0607162	0.997903	rs6084816
20	4566547	G	A	0.817099	0.996349	0.33239	0.988436	rs911166
20	4622950	T	C	0.829579	0.972206	0.138577	0.994286	rs74918132
20	4628926	A	G	0.831141	0.974193	0.139818	0.997683	rs75183728
20	4627325	C	T	0.831802	0.973591	0.139781	0.998304	rs79396676
20	4629270	G	A	0.83975	0.973939	0.139649	0.997397	rs113598716
20	4627381	G	A	0.840726	0.973214	0.139745	0.998418	rs78596200
20	4627297	G	A	0.845644	0.97272	0.139761	0.998631	rs75247879
20	4630068	T	C	0.846762	0.973649	0.13978	0.998128	rs79826749
20	4629799	A	C	0.847405	0.973614	0.139791	0.998234	rs113264659
20	4628834	C	T	0.847581	0.973379	0.139941	0.99831	rs78112708
20	4629946	C	T	0.847925	0.973593	0.139793	0.998219	rs78949562
20	4563033	A	T	0.848389	1.03644	0.0381512	0.978826	rs2326537
20	4619165	T	C	0.850784	0.967443	0.0505824	0.968577	rs6084814
20	4630233	A	G	0.852612	0.973506	0.139835	0.997892	rs76450501
20	4629616	G	A	0.852891	0.973375	0.139761	0.998023	rs76699885
20	4627584	G	A	0.857334	0.972596	0.139512	0.996465	rs76749422
20	4628133	T	C	0.85784	0.972678	0.139873	0.998558	rs34409835
20	4628245	A	G	0.85819	0.972659	0.139868	0.998496	rs6052726
20	4564464	G	A	0.858872	0.997725	0.329179	0.97893	rs6084799
20	4628366	G	A	0.859247	0.972614	0.139872	0.99845	rs6052727
20	4628434	A	G	0.859762	0.972591	0.139873	0.998421	rs6052728
20	4627600	C	T	0.860272	0.972292	0.139414	0.996004	rs76040187
20	4552573	G	T	0.861723	1.01937	0.0402418	0.981735	rs79206696
20	4630610	C	T	0.866051	0.97258	0.13977	0.998115	rs6037919
20	4631506	A	C	0.866252	0.972847	0.13952	0.99697	rs146052966
20	4630998	T	C	0.868292	0.972501	0.139776	0.998017	rs79448590
20	4627208	C	T	0.868652	0.972227	0.139897	0.998757	rs112299434
20	4631693	A	G	0.871289	0.972389	0.139751	0.997511	rs77329260
20	4631253	C	T	0.873243	0.972271	0.139756	0.997812	rs76220206
20	4591715	T	C	0.873618	1.03036	0.434701	0.964909	rs6139494
20	4591644	C	G	0.874956	1.03047	0.434464	0.959445	rs6139493
20	4633398	G	A	0.878245	0.970199	0.138897	0.996151	rs116158058
20	4631539	C	A	0.880095	0.972084	0.139716	0.997319	rs112695621
20	4625814	C	A	0.8804	0.970881	0.139724	0.9973	rs114539468
20	4631475	C	T	0.881048	0.971998	0.139693	0.997376	rs111746695
20	4631559	G	C	0.881087	0.97205	0.139719	0.997302	rs111417082
20	4631387	T	C	0.881385	0.971931	0.139747	0.997719	rs79610311
20	4631705	A	G	0.881866	0.971986	0.139805	0.997615	rs76643368
20	4631819	T	C	0.883964	0.971894	0.139764	0.997587	rs6052730
20	4641835	G	A	0.884493	0.971298	0.141193	0.984725	rs116531706
20	4591626	T	C	0.88633	1.03073	0.434587	0.95841	rs6133149
20	4625323	C	G	0.889127	0.97145	0.139616	0.996714	rs113140429
20	4632086	T	C	0.889978	0.971986	0.139889	0.997612	rs725558
20	4627069	G	A	0.890294	0.971415	0.139666	0.998957	rs57887980
20	4632285	G	T	0.892868	0.971932	0.139693	0.99756	rs725557
20	4631984	G	C	0.895767	0.971712	0.139903	0.997628	rs725559
20	4617391	A	G	0.908112	0.991892	0.228991	0.990442	rs6037908
20	4547056	T	A	0.922425	1.00836	0.081924	0.994857	rs6084793
20	4590920	A	G	0.931925	1.03187	0.437204	0.957852	rs6052682
20	4591642	C	T	0.940083	1.03268	0.434348	0.959126	rs6139492
20	4643777	A	G	0.940681	0.961305	0.137094	0.991873	rs75929166
20	4572985	G	A	0.948235	0.999812	0.348348	0.955885	rs6037886
20	4558638	T	A	0.961443	1.00459	0.357328	0.94977	rs2038459
20	4557889	A	G	0.965171	1.02354	0.0388074	0.9826	rs6107485
20	4626878	C	T	0.97032	0.969713	0.200357	0.999942	rs6052725
20	4626821	C	T	0.971002	0.969741	0.200366	0.999847	rs6037917
20	4626234	T	C	0.987151	0.970222	0.200311	0.998572	rs6052723
20	4626472	C	T	0.990038	0.970873	0.200203	0.998834	rs2152060
20	4626310	A	T	0.99107	0.970267	0.200335	0.998452	rs6052724
20	4627633	A	T	0.993011	0.970383	0.200172	0.997928	rs6139506
20	4626714	G	A	0.994242	0.970451	0.200233	0.999528	rs6037916
20	4627709	A	G	0.99672	0.970494	0.200265	0.998356	rs6139508
20	4626489	G	A	0.998332	0.970517	0.200238	0.99894	rs2152061
20	4627692	G	T	0.99997	0.970617	0.200272	0.998419	rs6139507
