10,,,10,
200219 SHaPrP SEC001:10_UV,,,200219 SHaPrP SEC001:10_Fractions,
ml,min, mAU,ml,(Fractions)
0.00,0,-0.01,18.13,F2
0.36,0.119845823,-0.16,113.84,A1
0.72,0.239691646,-0.29,118.84,A2
1.08,0.359537469,-0.36,123.85,A3
1.44,0.479383292,-0.44,128.85,A4
1.80,0.599229114,-0.49,133.85,A5
2.16,0.719074937,-0.52,138.85,A6
2.52,0.83892076,-0.55,143.85,A7
2.88,0.958766583,-0.58,148.85,A8
3.24,1.078612406,-0.59,153.85,A9
3.60,1.198458229,-0.61,158.85,A10
3.95,1.318304052,-0.62,163.85,A11
4.31,1.438149875,-0.63,168.85,A12
4.67,1.557995697,-0.64,173.85,B1
5.03,1.67784152,-0.65,178.85,B2
5.39,1.797687343,-0.65,183.85,B3
5.75,1.917533166,-0.66,188.85,B4
6.11,2.037378989,-0.67,193.85,B5
6.47,2.157224812,-0.65,198.85,B6
6.83,2.277070635,-0.67,203.85,B7
7.19,2.396916458,-0.67,208.85,B8
7.55,2.51676228,-0.67,213.85,B9
7.91,2.636608103,-0.67,218.85,B10
8.27,2.756453926,-0.67,223.85,B11
8.63,2.876299749,-0.67,228.85,B12
8.99,2.996145572,-0.67,233.85,C1
9.35,3.115991395,-0.67,238.85,C2
9.71,3.235837218,-0.67,243.85,C3
10.07,3.355683041,-0.68,248.86,C4
10.43,3.475528863,-0.67,253.86,C5
10.79,3.595374686,-0.66,258.86,C6
11.15,3.715220509,-0.66,263.86,C7
11.51,3.835066332,-0.66,268.86,C8
11.86,3.954912155,-0.66,273.86,C9
12.22,4.074757978,-0.66,278.86,C10
12.58,4.194603801,-0.65,283.86,C11
12.94,4.314449624,-0.65,288.86,C12
13.30,4.434295446,-0.65,293.86,D1
13.66,4.554141269,-0.65,298.86,D2
14.02,4.673987092,-0.64,303.20,Waste
14.38,4.793832915,-0.65,303.33,Waste
14.74,4.913678738,-0.63,,
15.10,5.033524561,-0.63,,
15.46,5.153370384,-0.64,,
15.82,5.273216207,-0.63,,
16.18,5.393062029,-0.63,,
16.54,5.512907852,-0.62,,
16.90,5.632753675,-0.61,,
17.26,5.752599498,-0.60,,
17.62,5.872445321,-0.61,,
17.98,5.992291144,-0.59,,
18.34,6.112136967,-0.59,,
18.70,6.23198279,-0.60,,
19.06,6.351828612,-0.59,,
19.42,6.471674435,-0.58,,
19.77,6.591520258,-0.58,,
20.13,6.711366081,-0.58,,
20.49,6.831211904,-0.57,,
20.85,6.951057727,-0.57,,
21.21,7.07090355,-0.56,,
21.57,7.190749373,-0.56,,
21.93,7.310595195,-0.55,,
22.29,7.430441018,-0.55,,
22.65,7.550286841,-0.54,,
23.01,7.670132664,-0.55,,
23.37,7.789978487,-0.54,,
23.73,7.90982431,-0.54,,
24.09,8.029670133,-0.53,,
24.45,8.149515956,-0.53,,
24.81,8.269361778,-0.53,,
25.17,8.389207601,-0.53,,
25.53,8.509053424,-0.51,,
25.89,8.628899247,-0.52,,
26.25,8.74874507,-0.52,,
26.61,8.868590893,-0.51,,
26.97,8.988436716,-0.52,,
27.32,9.108282539,-0.52,,
27.68,9.228128361,-0.50,,
28.04,9.347974184,-0.51,,
28.40,9.467820007,-0.50,,
28.76,9.58766583,-0.50,,
29.12,9.707511653,-0.50,,
29.48,9.827357476,-0.49,,
29.84,9.947203299,-0.49,,
30.20,10.06704912,-0.50,,
30.56,10.18689494,-0.49,,
30.92,10.30674077,-0.49,,
31.28,10.42658659,-0.49,,
31.64,10.54643241,-0.49,,
32.00,10.66627824,-0.49,,
32.36,10.78612406,-0.48,,
32.72,10.90596988,-0.49,,
33.08,11.0258157,-0.49,,
33.44,11.14566153,-0.48,,
33.80,11.26550735,-0.48,,
34.16,11.38535317,-0.48,,
34.52,11.505199,-0.48,,
34.88,11.62504482,-0.47,,
35.23,11.74489064,-0.47,,
35.59,11.86473646,-0.47,,
35.95,11.98458229,-0.48,,
36.31,12.10442811,-0.48,,
36.67,12.22427393,-0.46,,
37.03,12.34411976,-0.46,,
37.39,12.46396558,-0.46,,
37.75,12.5838114,-0.46,,
38.11,12.70365722,-0.45,,
38.47,12.82350305,-0.46,,
38.83,12.94334887,-0.45,,
39.19,13.06319469,-0.45,,
39.55,13.18304052,-0.44,,
39.91,13.30288634,-0.45,,
40.27,13.42273216,-0.44,,
40.63,13.54257798,-0.45,,
40.99,13.66242381,-0.45,,
41.35,13.78226963,-0.46,,
41.71,13.90211545,-0.45,,
42.07,14.02196128,-0.46,,
42.43,14.1418071,-0.45,,
42.78,14.26165292,-0.45,,
43.14,14.38149875,-0.44,,
43.50,14.50134457,-0.45,,
43.86,14.62119039,-0.43,,
44.22,14.74103621,-0.43,,
44.58,14.86088204,-0.43,,
44.94,14.98072786,-0.43,,
45.30,15.10057368,-0.43,,
45.66,15.22041951,-0.44,,
46.02,15.34026533,-0.42,,
46.38,15.46011115,-0.43,,
46.74,15.57995697,-0.42,,
47.10,15.6998028,-0.42,,
47.46,15.81964862,-0.42,,
47.82,15.93949444,-0.42,,
48.18,16.05934027,-0.42,,
48.54,16.17918609,-0.43,,
48.90,16.29903191,-0.43,,
49.26,16.41887773,-0.42,,
49.62,16.53872356,-0.42,,
49.98,16.65856938,-0.41,,
50.34,16.7784152,-0.42,,
50.69,16.89826103,-0.42,,
51.05,17.01810685,-0.41,,
51.41,17.13795267,-0.42,,
51.77,17.25779849,-0.42,,
52.13,17.37764432,-0.42,,
52.49,17.49749014,-0.42,,
52.85,17.61733596,-0.42,,
53.21,17.73718179,-0.42,,
53.57,17.85702761,-0.40,,
53.93,17.97687343,-0.41,,
54.29,18.09671925,-0.42,,
54.65,18.21656508,-0.41,,
55.01,18.3364109,-0.42,,
55.37,18.45625672,-0.41,,
55.73,18.57610255,-0.41,,
56.09,18.69594837,-0.42,,
56.45,18.81579419,-0.41,,
56.81,18.93564001,-0.41,,
57.17,19.05548584,-0.41,,
57.53,19.17533166,-0.41,,
57.89,19.29517748,-0.41,,
58.25,19.41502331,-0.41,,
58.60,19.53486913,-0.41,,
58.96,19.65471495,-0.41,,
59.32,19.77456077,-0.41,,
59.68,19.8944066,-0.41,,
60.04,20.01425242,-0.41,,
60.40,20.13409824,-0.42,,
60.76,20.25394407,-0.42,,
61.12,20.37378989,-0.42,,
61.48,20.49363571,-0.42,,
61.84,20.61348153,-0.42,,
62.20,20.73332736,-0.41,,
62.56,20.85317318,-0.41,,
62.92,20.973019,-0.42,,
63.28,21.09286483,-0.42,,
63.64,21.21271065,-0.42,,
64.00,21.33255647,-0.42,,
64.36,21.45240229,-0.42,,
64.72,21.57224812,-0.42,,
65.08,21.69209394,-0.41,,
65.44,21.81193976,-0.42,,
65.80,21.93178559,-0.41,,
66.15,22.05163141,-0.41,,
66.51,22.17147723,-0.40,,
66.87,22.29132305,-0.41,,
67.23,22.41116888,-0.41,,
67.59,22.5310147,-0.40,,
67.95,22.65086052,-0.41,,
68.31,22.77070635,-0.41,,
68.67,22.89055217,-0.40,,
69.03,23.01039799,-0.40,,
69.39,23.13024381,-0.40,,
69.75,23.25008964,-0.40,,
70.11,23.36993546,-0.40,,
70.47,23.48978128,-0.40,,
70.83,23.60962711,-0.40,,
71.19,23.72947293,-0.40,,
71.55,23.84931875,-0.40,,
71.91,23.96916458,-0.40,,
72.27,24.0890104,-0.40,,
72.63,24.20885622,-0.40,,
72.99,24.32870204,-0.40,,
73.35,24.44854787,-0.40,,
73.71,24.56839369,-0.40,,
74.06,24.68823951,-0.41,,
74.42,24.80808534,-0.41,,
74.78,24.92793116,-0.40,,
75.14,25.04777698,-0.40,,
75.50,25.1676228,-0.40,,
75.86,25.28746863,-0.40,,
76.22,25.40731445,-0.40,,
76.58,25.52716027,-0.39,,
76.94,25.6470061,-0.40,,
77.30,25.76685192,-0.40,,
77.66,25.88669774,-0.39,,
78.02,26.00654356,-0.38,,
78.38,26.12638939,-0.38,,
78.74,26.24623521,-0.38,,
79.10,26.36608103,-0.39,,
79.46,26.48592686,-0.38,,
79.82,26.60577268,-0.39,,
80.18,26.7256185,-0.38,,
80.54,26.84546432,-0.38,,
80.90,26.96531015,-0.38,,
81.26,27.08515597,-0.38,,
81.62,27.20500179,-0.39,,
81.97,27.32484762,-0.39,,
82.33,27.44469344,-0.38,,
82.69,27.56453926,-0.38,,
83.05,27.68438508,-0.39,,
83.41,27.80423091,-0.38,,
83.77,27.92407673,-0.40,,
84.13,28.04392255,-0.41,,
84.49,28.16376838,-0.40,,
84.85,28.2836142,-0.40,,
85.21,28.40346002,-0.39,,
85.57,28.52330584,-0.38,,
85.93,28.64315167,-0.38,,
86.29,28.76299749,-0.38,,
86.65,28.88284331,-0.39,,
87.01,29.00268914,-0.39,,
87.37,29.12253496,-0.39,,
87.73,29.24238078,-0.39,,
88.09,29.3622266,-0.39,,
88.45,29.48207243,-0.39,,
88.81,29.60191825,-0.40,,
89.17,29.72176407,-0.39,,
89.52,29.8416099,-0.39,,
89.88,29.96145572,-0.39,,
90.24,30.08130154,-0.39,,
90.60,30.20114736,-0.39,,
90.96,30.32099319,-0.39,,
91.32,30.44083901,-0.39,,
91.68,30.56068483,-0.39,,
92.04,30.68053066,-0.38,,
92.40,30.80037648,-0.40,,
92.76,30.9202223,-0.39,,
93.12,31.04006812,-0.39,,
93.48,31.15991395,-0.38,,
93.84,31.27975977,-0.39,,
94.20,31.39960559,-0.39,,
94.56,31.51945142,-0.39,,
94.92,31.63929724,-0.40,,
95.28,31.75914306,-0.41,,
95.64,31.87898888,-0.40,,
96.00,31.99883471,-0.39,,
96.36,32.11868053,-0.39,,
96.72,32.23852635,-0.39,,
97.08,32.35837218,-0.40,,
97.43,32.478218,-0.40,,
97.79,32.59806382,-0.40,,
98.15,32.71790965,-0.40,,
98.51,32.83775547,-0.40,,
98.87,32.95760129,-0.40,,
99.23,33.07744711,-0.40,,
99.59,33.19729294,-0.40,,
99.95,33.31713876,-0.40,,
100.31,33.43698458,-0.40,,
100.67,33.55683041,-0.40,,
101.03,33.67667623,-0.40,,
101.39,33.79652205,-0.40,,
101.75,33.91636787,-0.40,,
102.11,34.0362137,-0.39,,
102.47,34.15605952,-0.39,,
102.83,34.27590534,-0.39,,
103.19,34.39575117,-0.39,,
103.55,34.51559699,-0.39,,
103.91,34.63544281,-0.40,,
104.27,34.75528863,-0.40,,
104.63,34.87513446,-0.39,,
104.98,34.99498028,-0.39,,
105.34,35.1148261,-0.39,,
105.70,35.23467193,-0.40,,
106.06,35.35451775,-0.40,,
106.42,35.47436357,-0.39,,
106.78,35.59420939,-0.39,,
107.14,35.71405522,-0.39,,
107.50,35.83390104,-0.41,,
107.86,35.95374686,-0.40,,
108.22,36.07359269,-0.41,,
108.58,36.19343851,-0.41,,
108.94,36.31328433,-0.41,,
109.30,36.43313015,-0.41,,
109.66,36.55297598,-0.41,,
110.02,36.6728218,-0.41,,
110.38,36.79266762,-0.40,,
110.74,36.91251345,-0.40,,
111.10,37.03235927,-0.40,,
111.46,37.15220509,-0.41,,
111.82,37.27205091,-0.41,,
112.18,37.39189674,-0.40,,
112.54,37.51174256,-0.41,,
112.89,37.63158838,-0.40,,
113.25,37.75143421,-0.41,,
113.61,37.87128003,-0.41,,
113.97,37.99112585,-0.41,,
114.33,38.11097167,-0.40,,
114.69,38.2308175,-0.41,,
115.05,38.35066332,-0.41,,
115.41,38.47050914,-0.41,,
115.77,38.59035497,-0.40,,
116.13,38.71020079,-0.40,,
116.49,38.83004661,-0.40,,
116.85,38.94989243,-0.41,,
117.21,39.06973826,-0.41,,
117.57,39.18958408,-0.40,,
117.93,39.3094299,-0.40,,
118.29,39.42927573,-0.40,,
118.65,39.54912155,-0.42,,
119.01,39.66896737,-0.41,,
119.37,39.78881319,-0.41,,
119.73,39.90865902,-0.41,,
120.09,40.02850484,-0.41,,
120.45,40.14835066,-0.41,,
120.80,40.26819649,-0.41,,
121.16,40.38804231,-0.41,,
121.52,40.50788813,-0.41,,
121.88,40.62773395,-0.41,,
122.24,40.74757978,-0.40,,
122.60,40.8674256,-0.40,,
122.96,40.98727142,-0.41,,
123.32,41.10711725,-0.40,,
123.68,41.22696307,-0.41,,
124.04,41.34680889,-0.40,,
124.40,41.46665471,-0.40,,
124.76,41.58650054,-0.40,,
125.12,41.70634636,-0.40,,
125.48,41.82619218,-0.40,,
125.84,41.94603801,-0.40,,
126.20,42.06588383,-0.40,,
126.56,42.18572965,-0.40,,
126.92,42.30557548,-0.40,,
127.28,42.4254213,-0.40,,
127.64,42.54526712,-0.39,,
128.00,42.66511294,-0.39,,
128.35,42.78495877,-0.39,,
128.71,42.90480459,-0.39,,
129.07,43.02465041,-0.40,,
129.43,43.14449624,-0.40,,
129.79,43.26434206,-0.40,,
130.15,43.38418788,-0.39,,
130.51,43.5040337,-0.39,,
130.87,43.62387953,-0.39,,
131.23,43.74372535,-0.40,,
131.59,43.86357117,-0.39,,
131.95,43.983417,-0.39,,
132.31,44.10326282,-0.39,,
132.67,44.22310864,-0.40,,
133.03,44.34295446,-0.40,,
133.39,44.46280029,-0.40,,
133.75,44.58264611,-0.39,,
134.11,44.70249193,-0.39,,
134.47,44.82233776,-0.40,,
134.83,44.94218358,-0.40,,
135.19,45.0620294,-0.40,,
135.55,45.18187522,-0.39,,
135.91,45.30172105,-0.39,,
136.26,45.42156687,-0.39,,
136.62,45.54141269,-0.41,,
136.98,45.66125852,-0.40,,
137.34,45.78110434,-0.40,,
137.70,45.90095016,-0.40,,
138.06,46.02079598,-0.40,,
138.42,46.14064181,-0.39,,
138.78,46.26048763,-0.39,,
139.14,46.38033345,-0.41,,
139.50,46.50017928,-0.40,,
139.86,46.6200251,-0.39,,
140.22,46.73987092,-0.39,,
140.58,46.85971674,-0.40,,
140.94,46.97956257,-0.41,,
141.30,47.09940839,-0.40,,
141.66,47.21925421,-0.40,,
142.02,47.33910004,-0.40,,
142.38,47.45894586,-0.40,,
142.74,47.57879168,-0.40,,
143.10,47.6986375,-0.40,,
143.46,47.81848333,-0.40,,
143.81,47.93832915,-0.40,,
144.17,48.05817497,-0.40,,
144.53,48.1780208,-0.39,,
144.89,48.29786662,-0.40,,
145.25,48.41771244,-0.40,,
145.61,48.53755826,-0.39,,
145.97,48.65740409,-0.39,,
146.33,48.77724991,-0.39,,
146.69,48.89709573,-0.39,,
147.05,49.01694156,-0.40,,
147.41,49.13678738,-0.39,,
147.77,49.2566332,-0.40,,
148.13,49.37647902,-0.40,,
148.49,49.49632485,-0.40,,
148.85,49.61617067,-0.40,,
149.21,49.73601649,-0.39,,
149.57,49.85586232,-0.39,,
149.93,49.97570814,-0.39,,
150.29,50.09555396,-0.38,,
150.65,50.21539978,-0.39,,
151.01,50.33524561,-0.38,,
151.37,50.45509143,-0.38,,
151.72,50.57493725,-0.38,,
152.08,50.69478308,-0.38,,
152.44,50.8146289,-0.38,,
152.80,50.93447472,-0.38,,
153.16,51.05432054,-0.37,,
153.52,51.17416637,-0.37,,
153.88,51.29401219,-0.37,,
154.24,51.41385801,-0.37,,
154.60,51.53370384,-0.36,,
154.96,51.65354966,-0.37,,
155.32,51.77339548,-0.36,,
155.68,51.89324131,-0.36,,
156.04,52.01308713,-0.35,,
156.40,52.13293295,-0.35,,
156.76,52.25277877,-0.35,,
157.12,52.3726246,-0.35,,
157.48,52.49247042,-0.35,,
157.84,52.61231624,-0.35,,
158.20,52.73216207,-0.35,,
158.56,52.85200789,-0.34,,
158.92,52.97185371,-0.34,,
159.28,53.09169953,-0.34,,
159.63,53.21154536,-0.34,,
159.99,53.33139118,-0.35,,
160.35,53.451237,-0.34,,
160.71,53.57108283,-0.35,,
161.07,53.69092865,-0.36,,
161.43,53.81077447,-0.34,,
161.79,53.93062029,-0.34,,
162.15,54.05046612,-0.35,,
162.51,54.17031194,-0.35,,
162.87,54.29015776,-0.35,,
163.23,54.41000359,-0.35,,
163.59,54.52984941,-0.34,,
163.95,54.64969523,-0.34,,
164.31,54.76954105,-0.35,,
164.67,54.88938688,-0.36,,
165.03,55.0092327,-0.34,,
165.39,55.12907852,-0.34,,
165.75,55.24892435,-0.33,,
166.11,55.36877017,-0.34,,
166.47,55.48861599,-0.34,,
166.83,55.60846181,-0.34,,
167.18,55.72830764,-0.35,,
167.54,55.84815346,-0.36,,
167.90,55.96799928,-0.36,,
168.26,56.08784511,-0.34,,
168.62,56.20769093,-0.35,,
168.98,56.32753675,-0.35,,
169.34,56.44738257,-0.36,,
169.70,56.5672284,-0.35,,
170.06,56.68707422,-0.35,,
170.42,56.80692004,-0.35,,
170.78,56.92676587,-0.35,,
171.14,57.04661169,-0.36,,
171.50,57.16645751,-0.36,,
171.86,57.28630333,-0.36,,
172.22,57.40614916,-0.36,,
172.58,57.52599498,-0.37,,
172.94,57.6458408,-0.37,,
173.30,57.76568663,-0.35,,
173.66,57.88553245,-0.36,,
174.02,58.00537827,-0.35,,
174.38,58.12522409,-0.35,,
174.74,58.24506992,-0.35,,
175.09,58.36491574,-0.36,,
175.45,58.48476156,-0.35,,
175.81,58.60460739,-0.35,,
176.17,58.72445321,-0.36,,
176.53,58.84429903,-0.35,,
176.89,58.96414485,-0.33,,
177.25,59.08399068,-0.33,,
177.61,59.2038365,-0.33,,
177.97,59.32368232,-0.33,,
178.33,59.44352815,-0.33,,
178.69,59.56337397,-0.33,,
179.05,59.68321979,-0.33,,
179.41,59.80306561,-0.33,,
179.77,59.92291144,-0.33,,
180.13,60.04275726,-0.33,,
180.49,60.16260308,-0.33,,
180.85,60.28244891,-0.32,,
181.21,60.40229473,-0.32,,
181.57,60.52214055,-0.32,,
181.93,60.64198638,-0.33,,
182.29,60.7618322,-0.32,,
182.65,60.88167802,-0.32,,
183.00,61.00152384,-0.31,,
183.36,61.12136967,-0.31,,
183.72,61.24121549,-0.32,,
184.08,61.36106131,-0.32,,
184.44,61.48090714,-0.32,,
184.80,61.60075296,-0.32,,
185.16,61.72059878,-0.32,,
185.52,61.8404446,-0.32,,
185.88,61.96029043,-0.31,,
186.24,62.08013625,-0.32,,
186.60,62.19998207,-0.32,,
186.96,62.3198279,-0.33,,
187.32,62.43967372,-0.33,,
187.68,62.55951954,-0.32,,
188.04,62.67936536,-0.33,,
188.40,62.79921119,-0.33,,
188.76,62.91905701,-0.32,,
189.12,63.03890283,-0.33,,
189.48,63.15874866,-0.33,,
189.84,63.27859448,-0.33,,
190.20,63.3984403,-0.32,,
190.55,63.51828612,-0.34,,
190.91,63.63813195,-0.33,,
191.27,63.75797777,-0.35,,
191.63,63.87782359,-0.34,,
191.99,63.99766942,-0.34,,
192.35,64.11751524,-0.34,,
192.71,64.23736106,-0.35,,
193.07,64.35720688,-0.35,,
193.43,64.47705271,-0.36,,
193.79,64.59689853,-0.36,,
194.15,64.71674435,-0.36,,
194.51,64.83659018,-0.37,,
194.87,64.956436,-0.36,,
195.23,65.07628182,-0.36,,
195.59,65.19612764,-0.36,,
195.95,65.31597347,-0.37,,
196.31,65.43581929,-0.38,,
196.67,65.55566511,-0.38,,
197.03,65.67551094,-0.38,,
197.39,65.79535676,-0.38,,
197.75,65.91520258,-0.38,,
198.11,66.0350484,-0.39,,
198.46,66.15489423,-0.39,,
198.82,66.27474005,-0.39,,
199.18,66.39458587,-0.39,,
199.54,66.5144317,-0.39,,
199.90,66.63427752,-0.39,,
200.26,66.75412334,-0.40,,
200.62,66.87396916,-0.40,,
200.98,66.99381499,-0.40,,
201.34,67.11366081,-0.40,,
201.70,67.23350663,-0.40,,
202.06,67.35335246,-0.40,,
202.42,67.47319828,-0.40,,
202.78,67.5930441,-0.41,,
203.14,67.71288992,-0.41,,
203.50,67.83273575,-0.42,,
203.86,67.95258157,-0.41,,
204.22,68.07242739,-0.42,,
204.58,68.19227322,-0.41,,
204.94,68.31211904,-0.42,,
205.30,68.43196486,-0.43,,
205.66,68.55181068,-0.44,,
206.01,68.67165651,-0.43,,
206.37,68.79150233,-0.43,,
206.73,68.91134815,-0.41,,
207.09,69.03119398,-0.42,,
207.45,69.1510398,-0.42,,
207.81,69.27088562,-0.44,,
208.17,69.39073144,-0.43,,
208.53,69.51057727,-0.43,,
208.89,69.63042309,-0.43,,
209.25,69.75026891,-0.44,,
209.61,69.87011474,-0.43,,
209.97,69.98996056,-0.43,,
210.33,70.10980638,-0.43,,
210.69,70.22965221,-0.43,,
211.05,70.34949803,-0.43,,
211.41,70.46934385,-0.43,,
211.77,70.58918967,-0.43,,
212.13,70.7090355,-0.43,,
212.49,70.82888132,-0.43,,
212.85,70.94872714,-0.43,,
213.21,71.06857297,-0.44,,
213.57,71.18841879,-0.44,,
213.92,71.30826461,-0.43,,
214.28,71.42811043,-0.44,,
214.64,71.54795626,-0.43,,
215.00,71.66780208,-0.44,,
215.36,71.7876479,-0.44,,
215.72,71.90749373,-0.43,,
216.08,72.02733955,-0.44,,
216.44,72.14718537,-0.43,,
216.80,72.26703119,-0.43,,
217.16,72.38687702,-0.43,,
217.52,72.50672284,-0.44,,
217.88,72.62656866,-0.44,,
218.24,72.74641449,-0.43,,
218.60,72.86626031,-0.43,,
218.96,72.98610613,-0.43,,
219.32,73.10595195,-0.43,,
219.68,73.22579778,-0.43,,
220.04,73.3456436,-0.43,,
220.40,73.46548942,-0.43,,
220.76,73.58533525,-0.42,,
221.12,73.70518107,-0.43,,
221.48,73.82502689,-0.43,,
221.83,73.94487271,-0.43,,
222.19,74.06471854,-0.43,,
222.55,74.18456436,-0.42,,
222.91,74.30441018,-0.43,,
223.27,74.42425601,-0.43,,
223.63,74.54410183,-0.43,,
223.99,74.66394765,-0.44,,
224.35,74.78379347,-0.42,,
224.71,74.9036393,-0.42,,
225.07,75.02348512,-0.43,,
225.43,75.14333094,-0.43,,
225.79,75.26317677,-0.43,,
226.15,75.38302259,-0.44,,
226.51,75.50286841,-0.43,,
226.87,75.62271423,-0.43,,
227.23,75.74256006,-0.42,,
227.59,75.86240588,-0.43,,
227.95,75.9822517,-0.44,,
228.31,76.10209753,-0.43,,
228.67,76.22194335,-0.43,,
229.03,76.34178917,-0.43,,
229.38,76.46163499,-0.44,,
229.74,76.58148082,-0.44,,
230.10,76.70132664,-0.44,,
230.46,76.82117246,-0.43,,
230.82,76.94101829,-0.44,,
231.18,77.06086411,-0.44,,
231.54,77.18070993,-0.43,,
231.90,77.30055575,-0.43,,
232.26,77.42040158,-0.44,,
232.62,77.5402474,-0.43,,
232.98,77.66009322,-0.44,,
233.34,77.77993905,-0.44,,
233.70,77.89978487,-0.44,,
234.06,78.01963069,-0.44,,
234.42,78.13947651,-0.44,,
234.78,78.25932234,-0.44,,
235.14,78.37916816,-0.45,,
235.50,78.49901398,-0.45,,
235.86,78.61885981,-0.44,,
236.22,78.73870563,-0.44,,
236.58,78.85855145,-0.43,,
236.94,78.97839728,-0.44,,
237.29,79.0982431,-0.45,,
237.65,79.21808892,-0.45,,
238.01,79.33793474,-0.44,,
238.37,79.45778057,-0.45,,
238.73,79.57762639,-0.45,,
239.09,79.69747221,-0.45,,
239.45,79.81731804,-0.45,,
239.81,79.93716386,-0.44,,
240.17,80.05700968,-0.44,,
240.53,80.1768555,-0.44,,
240.89,80.29670133,-0.44,,
241.25,80.41654715,-0.43,,
241.61,80.53639297,-0.43,,
241.97,80.6562388,-0.42,,
242.33,80.77608462,-0.41,,
242.69,80.89593044,-0.41,,
243.05,81.01577626,-0.41,,
243.41,81.13562209,-0.40,,
243.77,81.25546791,-0.41,,
244.13,81.37531373,-0.39,,
244.49,81.49515956,-0.38,,
244.85,81.61500538,-0.38,,
245.20,81.7348512,-0.37,,
245.56,81.85469702,-0.37,,
245.92,81.97454285,-0.36,,
246.28,82.09438867,-0.34,,
246.64,82.21423449,-0.34,,
247.00,82.33408032,-0.34,,
247.36,82.45392614,-0.31,,
247.72,82.57377196,-0.30,,
248.08,82.69361778,-0.28,,
248.44,82.81346361,-0.26,,
248.80,82.93330943,-0.25,,
249.16,83.05315525,-0.25,,
249.52,83.17300108,-0.22,,
249.88,83.2928469,-0.20,,
250.24,83.41269272,-0.17,,
250.60,83.53253854,-0.15,,
250.96,83.65238437,-0.14,,
251.32,83.77223019,-0.12,,
251.68,83.89207601,-0.10,,
252.04,84.01192184,-0.09,,
252.40,84.13176766,-0.08,,
252.75,84.25161348,-0.06,,
253.11,84.3714593,-0.04,,
253.47,84.49130513,-0.03,,
253.83,84.61115095,-0.01,,
254.19,84.73099677,0.01,,
254.55,84.8508426,0.01,,
254.91,84.97068842,0.03,,
255.27,85.09053424,0.04,,
255.63,85.21038006,0.04,,
255.99,85.33022589,0.04,,
256.35,85.45007171,0.06,,
256.71,85.56991753,0.06,,
257.07,85.68976336,0.08,,
257.43,85.80960918,0.08,,
257.79,85.929455,0.08,,
258.15,86.04930082,0.09,,
258.51,86.16914665,0.09,,
258.87,86.28899247,0.10,,
259.23,86.40883829,0.10,,
259.59,86.52868412,0.11,,
259.95,86.64852994,0.12,,
260.31,86.76837576,0.11,,
260.66,86.88822158,0.12,,
261.02,87.00806741,0.12,,
261.38,87.12791323,0.13,,
261.74,87.24775905,0.13,,
262.10,87.36760488,0.13,,
262.46,87.4874507,0.13,,
262.82,87.60729652,0.13,,
263.18,87.72714234,0.14,,
263.54,87.84698817,0.14,,
263.90,87.96683399,0.14,,
264.26,88.08667981,0.15,,
264.62,88.20652564,0.14,,
264.98,88.32637146,0.14,,
265.34,88.44621728,0.15,,
265.70,88.56606311,0.14,,
266.06,88.68590893,0.16,,
266.42,88.80575475,0.16,,
266.78,88.92560057,0.16,,
267.14,89.0454464,0.16,,
267.50,89.16529222,0.17,,
267.86,89.28513804,0.18,,
268.21,89.40498387,0.20,,
268.57,89.52482969,0.20,,
268.93,89.64467551,0.19,,
269.29,89.76452133,0.21,,
269.65,89.88436716,0.27,,
270.01,90.00421298,2.05,,
270.37,90.1240588,38.88,,
270.73,90.24390463,230.90,,
271.09,90.36375045,669.21,,
271.45,90.48359627,1240.84,,
271.81,90.60344209,1656.36,,
272.17,90.72328792,1820.19,,
272.53,90.84313374,1874.54,,
272.89,90.96297956,1893.47,,
273.25,91.08282539,1896.84,,
273.61,91.20267121,1888.72,,
273.97,91.32251703,1870.78,,
274.33,91.44236285,1841.04,,
274.69,91.56220868,1795.23,,
275.05,91.6820545,1724.53,,
275.41,91.80190032,1620.15,,
275.77,91.92174615,1482.21,,
276.12,92.04159197,1318.98,,
276.48,92.16143779,1152.63,,
276.84,92.28128361,991.21,,
277.20,92.40112944,847.40,,
277.56,92.52097526,720.13,,
277.92,92.64082108,612.35,,
278.28,92.76066691,520.43,,
278.64,92.88051273,444.50,,
279.00,93.00035855,381.26,,
279.36,93.12020437,330.48,,
279.72,93.2400502,290.32,,
280.08,93.35989602,258.61,,
280.44,93.47974184,234.16,,
280.80,93.59958767,215.35,,
281.16,93.71943349,200.47,,
281.52,93.83927931,188.57,,
281.88,93.95912513,178.38,,
282.24,94.07897096,169.21,,
282.60,94.19881678,160.20,,
282.96,94.3186626,151.14,,
283.32,94.43850843,141.47,,
283.68,94.55835425,131.51,,
284.03,94.67820007,121.08,,
284.39,94.79804589,110.57,,
284.75,94.91789172,99.43,,
285.11,95.03773754,88.77,,
285.47,95.15758336,83.62,,
285.83,95.27742919,92.98,,
286.19,95.39727501,119.99,,
286.55,95.51712083,155.24,,
286.91,95.63696665,186.19,,
287.27,95.75681248,206.76,,
287.63,95.8766583,216.21,,
287.99,95.99650412,215.71,,
288.35,96.11634995,207.00,,
288.71,96.23619577,192.12,,
289.07,96.35604159,173.18,,
289.43,96.47588741,152.87,,
289.79,96.59573324,132.40,,
290.15,96.71557906,112.98,,
290.51,96.83542488,95.11,,
290.87,96.95527071,79.43,,
291.23,97.07511653,65.69,,
291.58,97.19496235,54.07,,
291.94,97.31480817,44.21,,
292.30,97.434654,36.15,,
292.66,97.55449982,29.62,,
293.02,97.67434564,24.37,,
293.38,97.79419147,20.17,,
293.74,97.91403729,16.90,,
294.10,98.03388311,14.32,,
294.46,98.15372894,12.34,,
294.82,98.27357476,10.77,,
295.18,98.39342058,9.55,,
295.54,98.5132664,8.59,,
295.90,98.63311223,7.84,,
296.26,98.75295805,7.24,,
296.62,98.87280387,6.75,,
296.98,98.9926497,6.35,,
297.34,99.11249552,6.01,,
297.70,99.23234134,5.72,,
298.06,99.35218716,5.48,,
298.42,99.47203299,5.27,,
298.78,99.59187881,5.06,,
299.14,99.71172463,4.87,,
299.49,99.83157046,4.70,,
299.85,99.95141628,4.55,,
300.21,100.0712621,4.42,,
300.57,100.1911079,4.30,,
300.93,100.3109537,4.18,,
301.29,100.4307996,4.09,,
301.65,100.5506454,4.02,,
302.01,100.6704912,3.95,,
302.37,100.790337,3.90,,
302.73,100.9101829,3.88,,
303.09,101.0300287,3.92,,
303.45,101.1498745,3.99,,
303.81,101.2697203,4.04,,
304.17,101.3895662,4.08,,
304.53,101.509412,4.17,,
304.89,101.6292578,4.24,,
305.25,101.7491036,4.19,,
305.61,101.8689494,4.05,,
305.97,101.9887953,3.90,,
306.33,102.1086411,3.73,,
306.69,102.2284869,3.60,,
307.04,102.3483327,3.49,,
307.40,102.4681786,3.40,,
307.76,102.5880244,3.33,,
308.12,102.7078702,3.26,,
308.48,102.827716,3.21,,
308.84,102.9475619,3.16,,
309.20,103.0674077,3.13,,
309.56,103.1872535,3.10,,
309.92,103.3070993,3.08,,
310.28,103.4269451,3.06,,
310.64,103.546791,3.04,,
311.00,103.6666368,3.05,,
311.36,103.7864826,3.05,,
311.72,103.9063284,3.06,,
312.08,104.0261743,3.08,,
312.44,104.1460201,3.10,,
312.80,104.2658659,3.14,,
313.16,104.3857117,3.17,,
313.52,104.5055575,3.24,,
313.88,104.6254034,3.31,,
314.24,104.7452492,3.36,,
314.60,104.865095,3.45,,
314.95,104.9849408,3.55,,
315.31,105.1047867,3.66,,
315.67,105.2246325,3.78,,
316.03,105.3444783,3.89,,
316.39,105.4643241,4.04,,
316.75,105.58417,4.19,,
317.11,105.7040158,4.35,,
317.47,105.8238616,4.51,,
317.83,105.9437074,4.68,,
318.19,106.0635532,4.84,,
318.55,106.1833991,5.02,,
318.91,106.3032449,5.19,,
319.27,106.4230907,5.36,,
319.63,106.5429365,5.51,,
319.99,106.6627824,5.67,,
320.35,106.7826282,5.82,,
320.71,106.902474,5.96,,
321.07,107.0223198,6.08,,
321.43,107.1421657,6.19,,
321.79,107.2620115,6.30,,
322.15,107.3818573,6.38,,
322.51,107.5017031,6.47,,
322.86,107.6215489,6.54,,
323.22,107.7413948,6.58,,
323.58,107.8612406,6.62,,
323.94,107.9810864,6.64,,
324.30,108.1009322,6.65,,
324.66,108.2207781,6.63,,
325.02,108.3406239,6.61,,
325.38,108.4604697,6.55,,
325.74,108.5803155,6.48,,
326.10,108.7001613,6.41,,
326.46,108.8200072,6.30,,
326.82,108.939853,6.20,,
327.18,109.0596988,6.07,,
327.54,109.1795446,5.93,,
327.90,109.2993905,5.78,,
328.26,109.4192363,5.62,,
328.62,109.5390821,5.46,,
328.98,109.6589279,5.29,,
329.34,109.7787738,5.12,,
329.70,109.8986196,4.97,,
330.06,110.0184654,4.80,,
330.41,110.1383112,4.64,,
330.77,110.258157,4.49,,
